{
  "mean_amplitude": 0.08263207804952714,
  "median_amplitude": 0.08312556497478166,
  "max_amplitude": 0.0929229042674411,
  "mean_duration": 0.23055555555555554,
  "median_duration": 0.23333333333333334,
  "median_movement_rate": 3.136148019026137,
  "amplitude_slope": -0.0004492069927356648,
  "duration_slope": 0.0005827505827505804,
  "first_decay_position": 9,
  "decay_occurred": 1,
  "amplitude_cv": 0.08932805611627498,
  "duration_cv": 0.12462747509383854,
  "max_duration": 0.3,
  "interval_cv": 0.1505846504842085,
  "max_interval": 0.16666666666666666,
  "num_pauses": 0,
  "num_freezes": 0,
  "num_events": 17
}