{
  "score": 1,
  "confidence": 0.44377702474594116,
  "is_rule": false,
  "probabilities": {
    "0": 0.10235220938920975,
    "1": 0.44377702474594116,
    "2": 0.41460922360420227,
    "3": 0.02120494842529297,
    "4": 0.018056636676192284
  },
  "n_events_used": 12,
  "status": "ok"
}